year,month,month_name,precip,temp_min,temp_max,temp_mean,SMDI,SPEI_1,SPEI_3,SPEI_6,SPEI_12
1987,1,January,111.05559286698839,12.509470089144695,21.872743933863145,17.191107011503917,0.46449568831392957,0.5363031633137268,0.0837206751947532,0.34910122349495126,0.36093754129116845
1987,2,February,70.04790220270264,10.362148913805743,20.408490720527745,15.385319817166746,1.1719050411335448,0.12714260369319208,0.06300834969339536,0.13389514237529188,0.187598464399273
1987,3,March,165.25104236935317,9.813959673546005,18.15816672133998,13.986063197442991,1.9113519449652474,1.4367736405615976,1.1297130855034136,0.6610484978122411,0.6560249405975899
1987,4,April,108.73443154744093,8.153010010617841,16.26698708807252,12.20999854934518,2.8252431726728204,0.62004243785807,1.090549264473772,0.8299325484572788,0.8315865103958694
1987,5,May,86.93775110276974,6.011364466302764,13.69775414068028,9.854559303491522,1.5842806077925085,-0.24837996908961785,1.042065332646917,0.6927570662226132,0.7057185325591105
1987,6,June,101.21534401941635,4.206929760428372,11.098346158310227,7.652637959369299,0.9425175415677415,-0.21851990394900073,0.023964611481780716,0.7349972242001043,0.6273348396997753
1987,7,July,93.68285102744373,3.566175921530429,10.496297242893913,7.031236582212172,0.997227339147137,-0.2904189032214336,-0.4796843689265093,0.5059423917770873,0.49029572849389486
1987,8,August,64.61898212096976,4.950449436755123,12.440315783057432,8.695382609906275,-0.07592692288441807,-0.7557270545210841,-0.559688819458016,0.30633440675751383,0.2124657976648791
1987,9,September,97.58595080655365,6.111988140335319,13.02542758625575,9.568707863295538,1.0653240256272687,0.16893308766531687,-0.42963690959967726,-0.30550925064698714,0.1872733953726622
1987,10,October,104.01686556285495,7.881387478572512,15.259311511627548,11.570349495100029,0.4455647137055966,0.11080693156019594,-0.346760309328149,-0.4555752348876622,0.1856041317536358
1987,11,November,94.28965059071633,9.481847800915482,17.508276986829127,13.495062393872299,0.17607518451464305,0.3319710343280117,0.28067758962869827,-0.2656772604763899,0.22581460942285636
1987,12,December,121.3393494842197,11.060938208160183,19.065989215485036,15.06346371182261,1.913244634928906,0.5683416174827852,0.46268304233548796,-0.08303961324224468,0.415263641786531
1988,1,January,53.476345791925795,11.493506581915108,21.050590497932234,16.27204853992367,0.29117827797646706,-0.9496508207717044,-0.07232994159904838,-0.31507540777668586,0.13354203833630415
1988,2,February,127.943537005435,12.881520296013237,21.301260976688106,17.091390636350667,0.4695860180119646,1.0418669764978217,0.45394191061597594,0.39907195201963963,0.38232869044209555
1988,3,March,123.41334927198987,10.005758576477646,18.44261409559854,14.22418633603809,1.9096690336065305,0.7317755006649891,0.5641271028537463,0.5982649448459803,0.18197173934901512
1988,4,April,46.36037568732869,6.821895062415732,15.95046932011857,11.386182191267153,1.105913115000369,-0.7990845340359505,0.5085049420091925,0.3361047351509854,-0.061542651707836855
1988,5,May,111.58249255639959,5.851312871123913,13.4109682968084,9.631140583966157,1.0668900351495674,0.3093822751241101,0.20809902206921954,0.3352171276508286,0.024253220655511613
1988,6,June,94.22973998922075,4.91666702861795,11.787052965537121,8.351859997077533,0.8895800371528306,-0.4118655523280592,-0.502399153469387,0.05928151000390615,-0.03887946917517061
1988,7,July,154.29267472687712,4.580579108076014,11.075898165497831,7.828238636786919,0.9730738880076883,0.9061820645713674,0.42177294175505853,0.6101706050627718,0.23665415400362153
1988,8,August,104.92871482377298,4.716575950516842,11.696258890253473,8.206417420385158,1.1240971760338132,0.2791522640459511,0.35527992570825995,0.36986589701650113,0.4249904662305857
1988,9,September,113.28330379422606,7.470608578528784,14.118309688627079,10.79445913357793,1.045506374436395,0.4547216376429541,0.7216308758379786,0.21315733836940048,0.48493073823055
1988,10,October,107.01832887082932,8.515546072096857,15.921957050597992,12.218751561347421,1.7966419683473207,0.1574603745474927,0.38308039689599643,0.43797289100394704,0.5115249274249857
1988,11,November,82.19342847790207,10.040800438923121,17.80376614286748,13.922283290895301,0.3772162422261877,-0.0870315267643152,0.2383388460622134,0.340846273886686,0.42978509151640526
1988,12,December,93.70822406896657,11.738447726020398,20.305260905143285,16.02185431558184,-0.8681285569318858,-0.2798052752225376,-0.14527855263175918,0.43899188446931753,0.3004328271710628
1989,1,January,123.5576293220718,13.442321564491975,21.881796182157533,17.662058873324757,0.9439377360706674,0.7665771211249346,0.22975417764180736,0.45976030119252226,0.6126939474413936
1989,2,February,65.43835243166647,11.880407876979291,20.857094989533955,16.368751433256627,1.3746917058288495,-0.027954558230755287,0.2586345417236667,0.3538099178339537,0.3866680786562492
1989,3,March,79.24487848892119,11.180660402671933,19.934423249296945,15.557541825984437,0.3247814477303854,-0.1328632232330995,0.3033041963540582,0.059800331664652095,0.12954711211508194
1989,4,April,67.32990572008217,8.119445899431836,16.93629719173694,12.527871545584386,-0.5363016237784685,-0.4162220903768474,-0.3684526017247622,-0.12895537143358296,0.22125903650416015
1989,5,May,129.003891835873,6.48333801659169,13.429098507817907,9.956218262204796,0.1467904111946248,0.4220822692763477,0.03533863203666762,0.15063968807445718,0.3033116378100654
1989,6,June,127.13201089219469,4.656333573798225,11.479669925658982,8.068001749728607,1.7109082221826761,0.4204401096350617,0.31732844927076276,0.35774809005221125,0.474449698332154
1989,7,July,80.46264812804978,2.375828408832327,10.150271506617212,6.263049957724772,0.5721342068007014,-0.5168015766308292,0.26966363898610374,-0.09294095572462398,0.1839203283108092
1989,8,August,92.389346603521,4.388727226847716,11.743917677095022,8.066322451971368,-0.8509654628053387,-0.1406643509148995,-0.11362516892326856,-0.030756018343365655,0.13264403023318866
1989,9,September,72.00440278997883,6.5949492643412615,14.43170678424236,10.513328024291813,0.15107975896067344,-0.5310750850880988,-0.5007231921184391,-0.12397878407861916,-0.036193872161418734
1989,10,October,128.91661593613117,8.600409456545577,15.993174805311977,12.296792130928777,1.2054844300962724,0.7923076208924311,0.06610959872115205,0.19268298666374417,0.10029413136749987
1989,11,November,81.64600069454904,9.68813640604419,17.8209644028366,13.754550404440394,0.2342459870603885,-0.014317372122490436,0.16364869626198178,-0.001066879441627819,0.12590544276749557
1989,12,December,105.28697716959621,10.233436763535336,18.736254553157835,14.484845658346579,0.910674510935831,0.3589900873749025,0.5790901460163623,-0.02132138755378005,0.20015499634183037
1990,1,January,69.20066390597411,11.748714499702334,20.953912312425985,16.351313406064154,0.9727415152887098,-0.1492966745345682,-0.049275057674748615,0.07695356724884997,-0.03381351750284622
1990,2,February,40.08742478961164,13.38375334488783,22.744236157643233,18.063994751265533,0.1794260179474443,-1.003594087313807,-0.43873228262597247,-0.17898454954968784,-0.17970663848426707
1990,3,March,123.73464299386208,11.962537811590177,20.230276172056765,16.09640699182347,0.36454538576935114,0.6174991177931427,-0.19260306301170999,0.19197958990565908,0.05505566320149249
1990,4,April,109.20120051226075,9.374772850799825,17.12766979936422,13.251221325082025,0.7131294896148329,0.4448534461196849,0.08447822530023492,0.02275606692749206,0.21636880333260008
1990,5,May,121.07123124625936,6.92529948911873,14.113891993278012,10.519595741198373,1.9540641454405774,0.5000877397737051,0.6861764143716572,0.1652628279067496,0.10326769609572255
1990,6,June,131.35408349869758,4.148361133241365,11.265241063456063,7.706801098348714,1.943842530904495,0.5296985219318096,0.6438249182885999,0.223538239537335,0.13509481657433386
1990,7,July,141.52738087830113,4.232204523539445,10.808597874249335,7.520401198894389,2.395284516126723,0.594669882453769,0.7396318150670235,0.45609412600697347,0.4081083096747795
1990,8,August,155.70525120457924,4.770514854388597,11.7270412485374,8.248778051462999,2.0419804031109337,1.1287309221745718,0.9529984628589627,0.988640270721863,0.6316055686087412
1990,9,September,83.12838187043695,4.66844891584163,12.733576193102024,8.701012554471825,1.1179404853093355,0.0203154841644619,0.8159741138266805,0.8623517285554743,0.6609299134420853
1990,10,October,110.70567385945812,7.89152465529138,15.56102089252355,11.726272773907464,1.2135470411290765,0.27694321065122635,0.7524596175776069,0.8347559828017626,0.5838437627703682
1990,11,November,110.66857466188694,9.335715998915424,17.59172381015654,13.46371990453598,1.7440186420653259,0.6904377522827634,0.47253778404628216,0.9115850518839353,0.6846563865045917
1990,12,December,67.34873456029507,10.992857016992648,19.742581134562627,15.367719075777638,0.7767236978397015,-0.8921763169799215,0.013939022423501255,0.6525445456481974,0.5056276829294793
1991,1,January,111.1374236767961,11.970575827251425,20.719380867717646,16.34497834748454,-0.1785836366516594,0.576872824721099,0.1572161846302923,0.6433928901561182,0.5957622379555886
1991,2,February,112.02731064949076,11.800860259671962,20.828236758421248,16.314548509046606,1.1715649004577005,0.8727496587179787,0.3013235009531526,0.4681502038673834,0.902944179097376
1991,3,March,56.646951240406366,10.354337823190729,19.17084918339035,14.76259350329054,1.3426591308234057,-0.3840207181405847,0.49104530246866995,0.2737642214293686,0.7107878883480181
1991,4,April,197.88825794569507,8.010763550183155,15.498475015625198,11.754619282904176,2.316910230591548,1.6189377997554668,1.1089015772218582,0.9289179059181849,1.0535535144904704
1991,5,May,82.14289966528045,5.999857099155494,13.02182754760142,9.510842323378457,2.559520953525977,-0.4045772375936892,0.6593165350156067,0.6637806091085275,0.9216890399678218
1991,6,June,117.37193559883949,3.9183699914567502,10.298057388310912,7.108213689883833,1.791887214847384,0.26472929204804146,0.9905438700432742,0.8879162714751809,0.9090695410039118
1991,7,July,109.35911255158601,2.791552901312945,10.078451321558664,6.435002111435802,1.3255055223275678,0.0738786737181689,-0.08535295197936568,0.7045956743505051,0.8038468566555638
1991,8,August,145.52982024924455,5.375770853059982,11.994173928124503,8.684972390592243,2.138697688009879,0.7466257055567005,0.4654782298900499,0.6611611603475028,0.6695065448329636
1991,9,September,109.43849339322769,6.360400724459212,13.27076224344017,9.81558148394969,0.9937698450423715,0.4653293073157448,0.5176414044051567,0.8929417745664057,0.706186793854607
1991,10,October,90.13128649515208,6.878187415098592,14.529382064283922,10.703784739691256,1.4544892203134712,-0.07138226270912668,0.5218633934905825,0.22745699550612855,0.6509961380899582
1991,11,November,99.93091515381376,7.455474095934847,15.275483999905667,11.365479047920257,1.7970674797026205,0.7133618465382101,0.48094009492601353,0.5010244802348129,0.6551030976718027
1991,12,December,92.45176344686266,10.097701550538197,18.05383350107605,14.075767525807123,1.190571889095305,0.08683890914350963,0.2839925228895763,0.44947511814831864,0.7645444996200491
1992,1,January,96.22714935548096,12.045914268407587,20.30700462164678,16.176459445027188,1.1276472889267979,0.3318928945320563,0.4205514813749402,0.5749735386160727,0.706045116917981
1992,2,February,108.84595085048686,11.710068958241733,19.74866797237237,15.729368465307054,2.142179168290748,0.7222836702674966,0.510433616290413,0.5429377774788461,0.6667298385008156
1992,3,March,90.11840474889947,9.073136150611182,17.151263947002388,13.11220004880678,1.941691869694462,0.3206349868579191,0.5276038217513143,0.4528160290231616,0.7851239590196297
1992,4,April,69.41321097389108,6.114418974080352,13.868372368274981,9.991395671177667,1.497512662027324,-0.12128519491978133,0.2855432746386018,0.3661468231471433,0.33215524183956213
1992,5,May,110.73093112427541,4.919724540811609,11.111637818098714,8.015681179455163,1.5441905574485233,0.3151726789058771,0.13863462548576005,0.35420291553209526,0.47680796769505146
1992,6,June,94.94110067979481,3.6857392411625822,9.741089317159364,6.713414279160972,1.6022586936986813,-0.2357537028818877,-0.1190298645713167,0.26451536504530093,0.38839090394226466
1992,7,July,168.39994104372485,4.346714987726075,10.085130080629257,7.2159225341776665,1.7509660447087334,1.0505048760380042,0.6237807037127733,0.5075612287370477,0.6278026549753785
1992,8,August,191.72996720401437,4.145741385192063,9.750309450822636,6.948025418007351,2.6468606785775886,1.4453238465625478,1.1127595029074635,0.7969226818138521,0.7891523398908118
1992,9,September,113.82962826743962,4.605119948150348,11.110584608801291,7.857852278475819,2.654134775297158,0.7156592793598098,1.3762641325879519,0.9017750000997303,0.8258995405867036
1992,10,October,139.56260338673167,6.897273663821832,13.879608158257705,10.388440911039767,1.6178739168583207,0.9608109489786313,1.5774377461987033,1.2268311135854484,1.0051882953912488
1992,11,November,92.22705783509902,10.01342865099848,17.199593188605252,13.606510919801867,0.6842904113203615,0.31926977970144094,1.0640788763033553,1.26593873990453,0.9656809438432131
1992,12,December,130.0738473921362,10.56795831440171,18.028421454456602,14.29818988442916,2.161779102543296,0.9495204887641188,1.119797499869166,1.6112369268911062,1.0808038721173299
1993,1,January,82.56992395955702,10.80905284846672,19.778682258641307,15.293867553554014,1.823495325314998,0.1810802842237826,0.7060549730557576,1.5341445238841054,1.056602882347725
1993,2,February,71.62992132840824,10.545813845923803,19.20216205393901,14.873987949931413,1.1166832549499774,0.11975655257017206,0.6224793993126193,0.963363737786029,1.0058362503261404
1993,3,March,98.68975712210924,9.414502678304197,17.761359125942448,13.587930902123322,1.198016555402699,0.5826921481061842,0.3671640681742413,0.8055678783749118,1.0865199090072493
1993,4,April,83.82238822344159,7.451714959058598,15.266493305793611,11.359104132426104,2.0001761568654537,0.18964576857421234,0.2935496391411407,0.5270734595498202,1.1276530068419504
1993,5,May,109.8093041424249,6.439241171710596,13.235826881760659,9.837534026735627,1.967104074550941,0.25463502449076864,0.3176442948396119,0.5166729331742853,1.0666445425675246
1993,6,June,126.56591681899192,5.907666479331626,11.871581819288071,8.889624149309848,1.5979737217243346,0.07356846561434703,0.1887341154653228,0.3112050572697392,1.1024844234660018
1993,7,July,55.043506000818304,3.0542622101372863,10.367329189122295,6.710795699629789,0.09407866717481222,-1.1143012952246165,-0.40318490198691687,-0.08551224789560584,0.6921765071092144
1993,8,August,93.04955630274112,3.098585929208436,10.3158767596679,6.707231344438166,0.21881401430448102,NA,-0.4896683333636416,-0.1336214923582605,0.37355458064329866
1993,9,September,84.55704183487721,4.435660562324279,11.502175014945548,7.968917788634914,0.6238861165996575,-0.004684969186523979,-0.5528672297041273,-0.2543994008694547,0.2581335259469967
1993,10,October,86.53399595892981,7.29271867416317,15.343231780776764,11.317975227469969,-0.11656865936240311,-0.4656458593941113,-0.1625851767921581,-0.31749383770612916,0.042486060018848776
1993,11,November,93.72163069074695,7.0623139027293504,15.174335969714877,11.11832493622211,0.4861507470359664,0.49875340518372147,0.09022766935513905,-0.31599209927207395,0.10548084689324685
1993,12,December,104.84209267121292,9.428196314152812,17.779633444883927,13.603914879518369,1.0669091265782198,0.3718335253949912,0.2761111926036165,-0.24697692792033715,0.04732184651210096
1994,1,January,80.79534025238625,12.280301414123871,21.167478157379893,16.72388978575188,0.8571890372861225,-0.10978496342408155,0.3713988436956052,0.14703027123017667,-0.012540519020997433
1994,2,February,63.554064525490304,12.153485433030928,21.147553715671528,16.650519574351225,0.17038458778601687,-0.23613793027084726,-0.10614050191886946,-0.007609520297040777,-0.0971468214934423
1994,3,March,85.81982039995223,9.22772302166291,17.99542925730417,13.611576139483539,0.46069954887090536,0.22231017038631612,-0.13056764646742436,0.037306890118758734,-0.1415957243960681
1994,4,April,83.98894595960718,7.661511269566221,16.316586716544858,11.989048993055542,0.5322314742774054,-0.10560894184113698,-0.12925029509229902,0.11207282593902004,-0.14280453946558314
1994,5,May,143.33821104221283,6.627552508182763,13.232663248781554,9.930107878482158,0.8599031361171122,0.7728972438892846,0.3188482694876362,0.18833499863076847,-0.05134738351269373
1994,6,June,145.8817873073871,3.9338881776291985,9.954653147579036,6.944270662604115,1.445128410792701,0.648011895172528,0.5461178052121496,0.27760865335703905,0.03921445165178873
1994,7,July,139.90916704488262,3.308507167970967,9.690485692839749,6.499496430405357,1.491906807532675,0.6432259255339079,0.8538954096667996,0.42861738481679523,0.31807063076369707
1994,8,August,124.20788847200757,4.593567899371033,11.114703432706765,7.854135666038901,1.44043894532199,0.3838292620098909,0.6780496530486375,0.5484083498362075,0.3419254382210891
1994,9,September,129.90570450901834,5.337208704356892,11.702712471132282,8.519960587744592,1.4106160052182362,0.9770098980050133,0.799578573840103,0.7082975956817696,0.4400270625378388
1994,10,October,112.8381026447649,6.767846314653367,13.78958799527024,10.278717154961804,2.0208325650450822,0.48770682724079467,0.8486768132870343,0.8736080141137373,0.5470792923590221
1994,11,November,113.92027499778935,9.071472944730417,16.287291335712208,12.679382140221314,1.8270119471263664,0.42127636853345546,0.9523192652739656,0.8684356892486192,0.5692147934522086
1994,12,December,54.60117952387756,10.759007675850132,19.341370052221972,15.050188864036052,-0.5653436338377841,-1.125341034491586,-0.03604959860493517,0.4964047293179532,0.4036744706033493
1995,1,January,100.11220063719843,12.27527105050497,20.59122806909989,16.433249559802427,-0.4854012324775256,0.3106766182163976,-0.2392812039360132,0.3544838782425441,0.4134931500316034
1995,2,February,99.04609990141537,12.648664976072817,20.57291193578929,16.610788455931047,0.6698683387672236,0.6154045118526447,-0.04451603889430807,0.4857111616624226,0.5273443276317336
1995,3,March,155.7976857286495,11.41354488573378,19.226063709320776,15.319804297527277,1.830271707139274,1.167336316148416,1.0226500316205178,0.6058626572443568,0.7246658197625452
1995,4,April,164.5400813873124,11.337046932479844,17.219476154658764,14.278261543569304,2.7338384005905803,1.0313104172135656,1.3530995282973517,0.9055130367414098,0.9718489449538456
1995,5,May,134.28747990131598,7.423432552322864,13.821024781752993,10.622228667037923,1.9062141774852797,0.6812526809973135,1.4135800531371747,0.9703135225856924,0.9790687993708225
1995,6,June,147.1161610161237,5.008563515562789,10.546641914631234,7.777602715097011,2.1827467599819514,0.8193017216839183,1.2327591855414046,1.391475889572081,1.06763963097983
1995,7,July,152.68619473217942,3.4939943559415023,9.11558402893355,6.304789192437528,2.9075591269894114,0.8646262733575438,1.0683766484738055,1.4841656944058257,1.1869871279791668
1995,8,August,121.61930955173884,3.9867465019115973,10.5714091529325,7.279077827422049,1.4356679144320363,0.548875399882755,0.913313733761829,1.4075309923757735,1.166835125455831
1995,9,September,139.333522441831,5.773635188404249,12.941640369255877,9.357637778830064,1.198252820187269,0.7717608605426163,0.9232697602723099,1.2596776336412379,1.1406719734877333
1995,10,October,111.36897372032811,7.4072803587171085,14.36411813261651,10.885699245666808,1.7415320278161994,0.5051365029422406,0.8158033541769429,1.0294039630697465,1.1426734662703633
1995,11,November,108.74357194576271,8.154778994533105,16.15070442329007,12.152741708911584,1.6618729666467937,0.7701146074659035,1.0757737131671303,1.117546626314659,1.224498793771853
1995,12,December,122.71913204307666,11.980105672562122,19.916613818758922,15.94835974566052,1.2161006737748385,0.3173407733214963,0.7232139060857031,1.0404108708252804,1.3838840784843314
1996,1,January,84.64332542780954,12.85253002375644,20.91126035825977,16.881895191008105,0.7489292161556264,0.08187196973313585,0.5057092580575838,0.8627579856115597,1.3646673994789573
1996,2,February,90.75881293783402,12.801628632091077,21.128973794789744,16.965301213440405,1.3842134685677983,0.33286585913505184,0.3454035815765766,0.794004548679538,1.3104422466761885
1996,3,March,104.93559628078758,9.840369466395757,18.061753879638143,13.951061673016952,1.7334324410292423,0.6435329635055077,0.4169972490831583,0.654267211346697,1.224710119292219
1996,4,April,156.5222660051696,10.051000928685745,16.642822480232965,13.346911704459357,2.5680734154523255,1.1400603498519604,0.9104276982204511,0.9106094260170404,1.1483705980220011
1996,5,May,101.05575084849029,6.045593589263929,13.009355871907124,9.527474730585526,2.235006372316288,0.12460375028941606,0.8957524214416466,0.7551427989896785,1.1169690979460065
1996,6,June,117.6909446326843,3.75964325279746,10.447184586687213,7.103413919742337,2.056273008814736,0.32429813092878385,0.8147852118607047,0.7213590231579287,1.0575010405978131
1996,7,July,140.67022699381857,4.0338067364414325,10.014151480634451,7.023979108537944,2.0476611063058274,0.6265037739379604,0.578013973925937,0.9357850930297986,1.0826851805374484
1996,8,August,123.34282547776925,3.929164225712024,10.623966601585696,7.27656541364886,1.9438010949410565,0.6355192565250868,0.6902434457183314,0.9842640210113003,1.0507434109129052
1996,9,September,112.71985828933703,6.52936041639737,14.27377541823622,10.401567917316795,1.4387807089648825,0.4107036617265381,0.7346663607051404,0.9092497130835256,0.9532687262960449
1996,10,October,114.84365035811399,7.601003479718844,15.443307222796166,11.522155351257506,0.39951272619056877,0.24604031753658062,0.5846134236023299,0.6606991171647727,0.9461423335330644
1996,11,November,100.1968096214666,7.7197427335245274,15.701182629550015,11.71046268153727,0.6375903332400579,0.5641414714758459,0.5538951596333967,0.7738853929696163,0.8864894490854197
1996,12,December,127.50063188153827,9.781136796464404,18.265800140932868,14.023468468698633,1.8835657007305917,0.692947152911891,0.8470293937692582,0.9768246031602345,0.9748799468163741
1997,1,January,55.0424815794675,10.677725356415735,19.308319960464775,14.993022658440255,1.4914916434077803,-0.2313837063590425,0.5616431444125917,0.720655745886352,0.9099389725125943
1997,2,February,89.13599693740879,12.659601788427274,20.911713163217083,16.78565747582218,1.0155153875964753,0.3773189088436802,0.4399507486369466,0.5881371947415354,0.8979113187952904
1997,3,March,97.75055251912596,10.603218698667721,18.24249764713131,14.422858172899517,1.8930603459679995,0.4736504000864628,0.19218708885799798,0.5685214793482907,0.9185829033872575
1997,4,April,95.6114040090729,7.580407375307402,15.598987020283131,11.58969719779527,2.0155956265270993,0.24424073620977252,0.3921991688267245,0.5306503680096472,0.7462360430490727
1997,5,May,81.44096580933606,7.36307194832412,14.28773538102506,10.825403664674592,0.5521098550503919,-0.4799339065553738,0.09300315425545647,0.2555454051306887,0.6700649924447543
1997,6,June,92.09225203860342,3.8838503714944523,10.936565217838169,7.410207794666311,0.38358154414800977,-0.33204385983358026,-0.3252565986350433,-0.10699029435887762,0.5975739984691336
1997,7,July,63.55871155392328,2.8375363845710404,10.053640366665274,6.445588375618159,-0.06141106950619938,-0.8498606141026314,-0.9449772139305394,-0.28548316487423736,0.2382485769247242
1997,8,August,75.48402004397362,4.056266370234165,10.841028799687951,7.448647584961057,-0.08435095012330635,-0.40773158881648003,-0.7748677585346336,-0.45665222216929363,0.02906355210075521
1997,9,September,86.39256445745589,5.247184567023598,12.14543813511505,8.69631135106932,0.3608108737126442,-0.009772218026082202,-0.6910268302001209,-0.5838271927065924,-0.035775022738663474
1997,10,October,77.09574558384176,7.347290245113768,14.970496653587382,11.158893449350575,0.7381960515603759,-0.4061299388066507,NA,-0.796873789456708,-0.14605713483288338
1997,11,November,68.11487898835318,8.816219685462405,16.968829066727707,12.892524376095055,-0.4607727362302667,-0.5772733994337623,NA,-0.8048692637958956,-0.32202116069993303
1997,12,December,71.87681391038508,10.327104838075886,19.06730353407907,14.697204186077482,-0.8570969816715723,-0.7234973704820473,-0.9387433117130823,-0.9958923375064961,-0.6006275116478705
1998,1,January,48.00872223663486,11.960027631140644,21.312731333807807,16.636379482474226,-1.57167554751433,-0.964981623515962,-1.1355732957026659,-1.010382311949131,-0.7144583689109594
1998,2,February,70.017077222593,14.305060897348852,23.2300070733112,18.767533985330026,-2.0299359626287528,-0.45566860638818896,-1.144880669497776,-1.0427483332595457,-0.8412550462493099
1998,3,March,61.74787769717744,12.45607044678219,20.45683837655302,16.456454411667607,-1.4849876532218398,-0.7659363108077466,-1.130029550498535,-1.260249148424842,-1.0520946630727825
1998,4,April,48.998411828675906,9.461513841151156,17.16573246298537,13.313623152068262,-1.8478936686286551,-1.0138874593136378,-1.1138151586328473,-1.401688198356389,-1.2794345402428184
1998,5,May,70.45604129585617,7.15660182110535,13.75741206789799,10.45700694450167,-2.0243865538977994,-0.7117270350304685,-1.2292744855087883,-1.400491919012301,-1.3275738324684536
1998,6,June,88.13006218977168,5.504365940191574,11.832166850950523,8.668266395571049,-1.4185390804589546,-0.5411351139896209,-1.1326529979105322,-1.3477793741740378,-1.4044216878990792
1998,7,July,155.22908098468204,6.1766286470555665,11.815097573236457,8.995863110146013,-0.0066971541330728855,0.7269992521477814,-0.09694463122606972,-0.7513059947893133,-1.071658456860593
1998,8,August,72.68528345264909,4.682130059531492,11.201255986926505,7.941693023228998,0.10742282150285115,-0.5493791619033401,-0.048878509730599214,-0.7443665782959444,-1.0563729054585775
1998,9,September,67.41938804814053,6.305016913341898,13.930933516734376,10.11797521503814,-0.08058454526838461,-0.7539259142353817,-0.07045118096253732,-0.730695591189367,-1.1608597755732712
1998,10,October,126.71141792061958,9.147476568681196,15.631466715134541,12.38947164190787,0.3369224208015161,0.48204386882164446,-0.32777699470287636,-0.23897342666466462,-0.9689625415945977
1998,11,November,52.838683732604274,9.011864924188233,17.10680079920152,13.059332861694877,-0.5948499879779167,-0.7215166487157362,-0.4937493944917198,-0.26301274509204087,-0.993759574927112
1998,12,December,70.99900669233607,10.983198077158058,19.3654528582761,15.174325467717079,-0.3883301200774619,-0.6924713755409728,-0.4101779868586684,-0.3045857761765474,-0.9723723835121345
1999,1,January,83.68874020569493,13.459549392661414,22.381548388452806,17.920548890557107,-1.02549981380866,-0.00897437958208507,-0.753047000014814,-0.6862596073066922,-0.8652709581651556
1999,2,February,25.092357462294387,12.395152064707629,21.9478105137778,17.171481289242713,-1.2260541276980175,-1.4184321265356337,-1.0113700249090365,-0.8834621760154561,-0.9624366170798643
1999,3,March,80.69941876446055,12.783378984844033,20.7043452842373,16.743862134540663,-1.4167957818605321,-0.11391728571693761,-0.7882126049478522,-0.751089923045689,-0.8599967730525103
1999,4,April,83.79944871448808,8.992469498958688,16.84314242307153,12.91780596101511,-0.8720280376091581,-0.18072051369797837,-0.8042010796054562,-0.991423342340482,-0.6944238051328049
1999,5,May,70.54709707884048,7.6524240722402475,14.926787182151951,11.289605627196098,-0.9147036750858073,-0.8402751564949588,-0.6343504693390873,-1.021449020450083,-0.7549759967210609
1999,6,June,79.41728582463227,4.821724590902758,11.888668310877607,8.355196450890183,-0.279072037440725,-0.7120613937389794,-0.898777620061747,-1.0411936618310023,-0.7968155874666041
1999,7,July,90.93410107755676,4.2110916597691626,10.857190383672735,7.534141021720949,0.11622059341636527,-0.30192034353061487,-0.8980351697437372,-1.0665155598034721,-1.039416982837168
1999,8,August,76.42848740558783,3.9539351794590543,11.339611996698121,7.646773588078586,0.23122297569462996,-0.4324344820640924,-0.6731674521315553,-0.7858356601579659,-0.9852897568662063
1999,9,September,57.158918015372535,5.657919857446085,13.692128857821757,9.675024357633925,-0.6790113755419424,-0.8444941434508997,-0.7363921059638411,-0.9693301411195107,-1.023839770957808
1999,10,October,51.32451263555617,8.37004579832215,16.065965722048894,12.218005760185523,-1.7540728022458023,-1.341244400197681,-1.313338592101136,-1.2429162505831934,-1.3785677165849477
1999,11,November,130.9815379860144,9.756079479477341,17.031772405898295,13.393925942687822,-0.4196439656234914,1.122221469193958,-0.4927944205988649,-0.7243426154544415,-1.0473989013236686
1999,12,December,49.48708738845241,9.858332041879814,18.142091994437102,14.00021201815846,0.15570480576694484,-1.02282705982199,-0.5798232570786772,-0.8743420867605033,-1.0893703745219763
2000,1,January,74.74504766188078,11.86675430281388,19.67415378229932,15.770454042556597,-0.21619065878312949,0.019924366328882327,0.03720995166999957,-0.795939085975921,-1.095300660095507
2000,2,February,26.475488368600338,12.189185777671044,20.851067100129118,16.520126438900085,-0.409217474673101,-1.3584420375498254,-1.2350440846126824,-1.082142873591769,-1.068010503458786
2000,3,March,49.281257028939336,10.365219710557643,19.237367011176975,14.801293360867307,-1.4494687549523209,-0.7167491018795908,-1.0441743495470406,-1.0293148329144868,-1.1533581224753655
2000,4,April,98.1777396746927,9.390582643562281,16.657049278307614,13.023815960934948,-1.0801660854731887,0.3039619180023624,-0.8438184440721072,-0.5845040719215188,-1.1046396304564685
2000,5,May,89.57328008069283,7.46572844762089,14.292266278638364,10.878997363129628,-0.5978852543921122,-0.42208486433446724,-0.5097513763055543,-1.0711401552637891,-1.073439869389691
2000,6,June,77.33840564834954,6.1772583310378195,11.61806914272703,8.897663736882425,-0.23133263285172187,-0.8775150286633725,-0.559143801483458,-1.0346754767987822,-1.122830577618123
2000,7,July,63.10318184803774,5.985560003127293,11.7325765115044,8.859068257315846,-1.4268243463243686,-1.0702084114159034,-1.2256312884425022,-1.324048188919838,-1.290238825656337
2000,8,August,75.61949248246262,4.289057692476729,11.42595017537514,7.857503933925935,-0.6509881481929624,-0.4260633696679073,-1.099518974222967,-1.0688411502685933,-1.265894183260811
2000,9,September,71.53191982001431,5.916126817943241,13.453009612041107,9.684568214992172,0.5542658986032717,-0.39946578771872754,-0.9446762719110426,-0.9676680693010169,-1.1898457001779588
2000,10,October,61.26795997588636,7.783483188570501,15.158094069505387,11.470788629037944,-0.02600423328254828,-0.9122714850996602,-0.8973160200904603,-1.234139822986333,-1.1546076143360282
2000,11,November,57.30281494974934,7.332297885753186,15.14036916334531,11.236333524549245,-1.110338638375681,-0.3767827060960362,-1.0071909964007575,-1.2832795926052576,-1.4285769821640082
2000,12,December,63.378199101516195,11.720609523890866,19.597894829051008,15.65925217647093,-1.0162369361143802,-0.9483527200791317,-1.2285019877233854,-1.3951107381296861,-1.4077346713563024
2001,1,January,47.593358615553626,10.869685571106636,19.662234534821568,15.265960052964102,-1.0119350573140982,-0.6625741724556715,-1.0535235539823375,-1.2517883688354265,-1.4905106618370703
2001,2,February,69.12202075254946,13.015466593427679,21.24148312332432,17.128474858376002,-1.1165074372689652,-0.2213981315783376,-0.9206481960218476,-1.1645958282667679,-1.3009552461046971
2001,3,March,40.033306228431044,10.598109919875656,19.325951754588342,14.962030837231996,-1.2806356274083117,-0.9885758605194167,-0.9603296865796703,-1.2790578900554876,-1.3142684510178335
2001,4,April,77.11278044055554,8.303417261849955,16.761663394796877,12.532540328323414,-0.832603279449815,-0.2559506528792894,-0.738349713595535,-1.1051940882640834,-1.4075855360816276
2001,5,May,103.17910519702899,8.04235380370404,13.749473817289442,10.89591381049674,-0.28258017812410857,-0.006225295557344901,-0.6359385313097315,-0.9652932896797702,-1.3383647307662445
2001,6,June,76.70325761653658,3.860278960300966,11.439832026496756,7.6500554933988605,-0.48283032104041884,-0.9125323708322332,-0.5721549387739543,-0.9635805103288281,-1.3648531144222633
2001,7,July,54.89555217674374,2.2613833265446375,9.864838232359022,6.063110779451828,-0.9843358549737771,-1.0319544742784126,-0.961447036217518,-1.0501342377438025,-1.3685585543428866
2001,8,August,75.15581533270289,5.049533599006294,11.820903789688845,8.435218694347569,-0.21588616568420613,-0.5024331576637163,-1.1239185610624978,-1.1158416347269364,-1.3423008160336298
2001,9,September,42.87000042896127,6.173147558690594,13.975384070029996,10.074265814360295,-0.949933203925706,-1.325406755509979,-1.3798205890597084,-1.201325828058569,-1.4826119172332541
2001,10,October,95.73000262659356,9.050934826364673,16.045643794952728,12.5482893106587,-1.3068878426017527,-0.02583886282745545,-1.0127911917279429,-1.1050686633081406,-1.3768113022117139
2001,11,November,94.49535471840129,9.465501888252906,16.652788147129524,13.059145017691216,1.007948592506641,0.30458336670321806,-0.596508784788995,-1.1046947807801897,-1.2491812463585346
2001,12,December,126.1855917138287,12.407022314723777,18.925798320187358,15.666410317455568,1.5784104393879081,0.520977801436437,0.39398687981321356,-0.676494573081564,-0.9372386520184107
2002,1,January,78.1884834217447,11.957669240542701,20.21112540255819,16.084397321550448,1.2901139869895704,0.1403709157858719,0.4683564172653567,-0.26536649689259795,-0.8100180230161683
2002,2,February,61.35890518345534,11.37697834101144,19.832082712981546,15.604530526996484,0.6687031132477748,-0.1414736691232359,0.2531793461072268,-0.1392011690428979,-0.7883323316963099
2002,3,March,57.39511742379294,11.240715844722486,19.435341276660804,15.338028560691642,-0.2192360808955257,-0.628562932873149,-0.40046380648227076,-0.043627369303272455,-0.7239836580083525
2002,4,April,56.45156718355187,8.137007927779319,16.11704770022244,12.12702781400088,-1.1513454895260158,-0.6795466677262915,-0.7299212864065314,-0.27987305861091405,-0.8078284184800467
2002,5,May,63.604621276274955,7.402608264833665,13.64360549788042,10.523106881357043,-1.4627841778198518,-1.0195692141909836,-1.1910827980517473,-0.6184648237637226,-1.008311925910085
2002,6,June,116.10206275055822,6.72698261809761,12.303150593509788,9.5150666058037,-0.6609091892258987,0.059983071938003424,-0.8385967780738135,-0.7767828469304052,-0.8678521787920552
2002,7,July,82.21014035748962,4.721444947068037,10.596253026154784,7.65884898661141,0.28523027071312457,-0.5774410198096964,-0.7169881981304378,-0.9148314012542473,-0.7625799029530437
2002,8,August,69.27398207579917,4.596433864441642,11.477498531535394,8.036966197988518,-0.3723131474064822,-0.65187380364673,-0.5218011688657604,-1.0283951401801514,-0.7631104457736625
2002,9,September,87.9152377575306,5.798515462266619,14.220683524302352,10.009599493284487,-0.4094452006271132,-0.19225321658306452,-0.6730404461570353,-0.8973746852313059,-0.5975827645261452
2002,10,October,80.53126500423458,5.136124785875225,14.861677221863022,9.998901003869124,0.3676437355534861,-0.2956309538344176,-0.6407499107241212,-0.7664544167005924,-0.6631075714815384
2002,11,November,69.17740843621256,7.100480961408276,16.661024676948433,11.880752819178353,1.2856883556374146,-0.2054634141247149,-0.43806099093368195,-0.5954960869524322,-0.7288694472183926
2002,12,December,92.25507238457007,10.087553843404885,19.572543984554546,14.830048913979715,0.7985444545386765,-0.0786453186519638,-0.37766482996648953,-0.6868864423786383,-0.8474319308038059
2003,1,January,77.84223642693132,10.582889203908282,21.07876718873025,15.830828196319267,0.1072744495237267,-0.1528786410520103,-0.3288703274278832,-0.5995741137883345,-0.9147015371083249
2003,2,February,55.49961162493392,10.311410308094692,21.43217325192483,15.871791780009763,-0.6293630302038367,-0.40734846668552704,-0.3820760317947216,-0.5082791272112055,-0.9526344298598853
2003,3,March,75.87290672913963,10.636507653225557,20.747090841656902,15.69179924744123,-0.6309192273798078,-0.30798386742505335,-0.43706860810182074,-0.5088490692404164,-0.8536531838126479
2003,4,April,60.725620450176635,7.4482528175338185,16.872703828316528,12.160478322925178,-0.4177934101593675,-0.5451646110956639,-0.6542508796108925,-0.6059072153843754,-0.8339493988822196
2003,5,May,110.36996708130543,6.134370298695561,14.69989024677085,10.417130272733205,-0.23970737004245307,0.2290448108509717,-0.40237651597691554,-0.5015171187475133,-0.6622314640695568
2003,6,June,124.53187204651385,5.519370704078136,13.099427818578924,9.309399261328535,0.47903881182489433,0.2624520928304201,-0.08502519275139277,-0.3618882790972317,-0.6387489703012433
2003,7,July,68.02261405854946,1.778572427824903,10.543537989110321,6.161055208467612,0.5283699628143087,-0.7667110732522793,-0.1950165165831298,-0.5579742182936664,-0.695818973098125
2003,8,August,83.42871830271244,3.517138171551886,11.90276489281812,7.709951532185001,-0.5928622947668124,-0.2840126814336061,-0.3705432664874345,-0.4789708559163063,-0.5954789020854353
2003,9,September,146.53035488594276,5.447041629825046,13.852536380301933,9.649789005063491,1.5662921696889824,1.1781716682210988,0.08948222663961082,0.005613313466987905,-0.31681688691416005
2003,10,October,92.96615633828539,5.6209076015939194,15.33752797700851,10.479217789301213,1.1954493874544232,0.08575976346317538,0.5068232477147746,0.16319658182708746,-0.26102026386310195
2003,11,November,94.48091173573621,7.368350997196058,16.936955773125316,12.152653385160686,0.6312521155967105,0.36872671207772134,0.8719151946929591,0.21998885897362114,-0.15742945973467812
2003,12,December,96.5736317186164,10.480265351364187,20.18490640165125,15.33258587650772,0.7610905957933766,-0.06273201689640517,0.10898963350116506,0.12324227713420247,-0.13005930447479014
2004,1,January,98.91539114441453,12.130931243065525,22.658036799298408,17.394484021181967,0.2506767339414443,0.24465239293318927,0.16713450552774475,0.4238792959109989,-0.08215979181787537
2004,2,February,213.86698086475118,11.33440126171726,19.974014155585962,15.65420770865161,2.4993444354457144,1.788897601062944,1.2648061100996606,1.2737715177875788,0.5535792931753732
2004,3,March,54.484233543151156,8.710019773503106,18.72184100384047,13.715930388671786,2.1734021598644087,-0.5296772009555403,1.1058284759952375,0.8442435068908819,0.48650345383867866
2004,4,April,78.09997279322376,6.442255208511211,15.96579408622465,11.204024647367934,0.5431192719577332,-0.10614141851183889,0.9279976557165683,0.7548679354359157,0.5718425030035137
2004,5,May,128.76305179334852,6.6078442789474785,14.332555119368546,10.470199699158012,1.0792474642240508,0.5005105558832567,-0.11171819479090472,0.8955337647348496,0.679588551211051
2004,6,June,131.64181134399783,4.614933760584126,12.363061619767732,8.48899769017593,1.1553669198359966,0.4068892963543211,0.4052676495501565,1.019247398025836,0.7274571228999773
2004,7,July,95.33462186451526,2.107201669831712,10.52716179347376,6.3171817316527346,0.8821347714154524,-0.2179123017181316,0.3503072093169638,0.8834006644625108,0.8427741569294898
2004,8,August,90.95442095867139,2.5440422821784967,10.576691463338113,6.560366872758302,0.9118252083408211,0.07346234978669335,0.11195571037643463,0.013936460334187365,0.825958036516819
2004,9,September,83.00680569931038,4.125043985588793,13.143596959297987,8.63432047244339,0.29736450858286667,-0.08961521829288156,-0.11916513223890235,0.1794195978308016,0.5984002764193352
2004,10,October,91.88367987161917,7.010935852965653,15.348594010233386,11.17976493159952,1.2231541124206007,-0.029590535228194895,-0.06651567524126617,0.1677052651161257,0.61223663794511
2004,11,November,70.19636584647621,8.486981991563344,17.970124551241895,13.228553271402616,0.3337833531485406,-0.45189473282675857,-0.3225985323049105,-0.10966897102279935,0.5076533865754047
2004,12,December,132.20044189770778,8.258884771512628,17.26892835304539,12.763906562279006,1.7558304731195027,1.0784998236437147,0.4252568058610715,0.1420233920218645,0.7134691970373048
2005,1,January,53.3739209383914,11.239505216258902,21.381864774385143,16.310684995322024,1.4005111006005808,-0.7280909870460892,-0.05481477410236349,-0.06986346224988434,0.5474970668183273
2005,2,February,77.07632336766731,13.005172961942538,22.87258652312004,17.93887974253129,0.042676554928677356,-0.08013949565685527,0.11586212817780388,-0.11137134227081996,-0.10782019367908459
2005,3,March,97.14203680316848,10.589004046276186,20.351965630101397,15.470484838188794,-0.37653658321865263,0.3503954615165292,-0.26396489821214586,0.0031411779375841234,0.09266744702270342
2005,4,April,46.34922728407566,6.729597203818246,16.915997936572158,11.822797570195203,0.48912074625794133,-0.8923893438396133,-0.33694017284761946,-0.2780765969281577,-0.03734251262826635
2005,5,May,149.39832141410454,6.68058489589623,14.556443515697817,10.618514205797021,0.9721761673572294,0.755004248592712,0.18084760927636492,0.20653979719424623,0.045326303410910845
2005,6,June,87.98874887290013,3.5764875610313935,11.15517676515852,7.365832163094959,1.05918279252547,-0.48292097629047254,-0.20365467298397527,-0.2738087947393357,-0.10780293008397498
2005,7,July,106.84008329627581,4.257255032562053,11.723447599572122,7.990351316067086,0.6333887611829503,-0.059050143955622976,0.23735672693378826,-0.08787983964470665,-0.08635536160346421
2005,8,August,52.334886304575924,3.466799354450995,12.935059517359594,8.200929435905294,-0.11903319785037955,-1.1672399597494143,-0.7349491255203006,-0.35827909888982357,-0.2865291747605428
2005,9,September,81.58114946721368,5.536357059070845,14.688412634331533,10.112384846701186,-1.022832067820418,-0.2934043374143135,-0.6882082129268469,-0.5358368415725167,-0.3281337477816243
2005,10,October,126.97036260596195,6.694540937346794,15.735539520234715,11.215040228790755,0.7386138745944718,0.6004037372857547,-0.3012892060980276,-0.00968745865486841,-0.1420703538140322
2005,11,November,51.86378865097619,7.814646439090321,17.818274957904976,12.816460698497645,-1.17181215754493,-0.8152170099390249,-0.13535901803136002,-0.5434964905262627,-0.18917243228814276
2005,12,December,101.18831422197266,12.04169932030114,21.14805255038387,16.5948759353425,-0.44793646385663144,-0.0571938079185142,-0.05737511769364944,-0.455260024877909,-0.42111654458942593
2006,1,January,95.75761789516297,11.154428238872784,21.738518955894968,16.44647359738387,0.24940926844552921,0.3361824645050053,-0.2652113634672307,-0.34852747160053055,-0.24342672967211365
2006,2,February,59.87186917556597,11.545008397397524,21.911581886321223,16.728295141859373,0.39297111274709257,-0.31807865893542137,-0.07429518960341103,-0.12104800803139554,-0.2742398236692836
2006,3,March,85.9830791048942,8.987571843255706,18.83257496915332,13.91007340620451,-0.20012203558799327,0.22563217232326863,0.05297547876879209,-0.027523883639044774,-0.2814066613582085
2006,4,April,143.78938849521072,9.221934258099283,17.892185436460387,13.557059847279838,1.1202198739829985,1.010687030330887,0.42934596245554485,0.11162467185690775,0.1035633967207862
2006,5,May,101.84583416451068,5.8795208911420405,13.673427744443968,9.776474317793005,1.962582014516782,0.09200994221612606,0.6429801321506775,0.34504321264069887,-0.08485614304399351
2006,6,June,102.77518327327795,1.970997337611508,10.371608550502682,6.171302944057095,1.6802975266062001,-0.08120138214859653,0.5729812851741221,0.371414516208037,-0.02027860650996861
2006,7,July,100.01623861396446,2.992262505361357,11.091429089846171,7.041845797603761,0.6343797918508364,-0.1002948604873891,-0.09310527172658692,0.24177918481882615,-0.05897707357323553
2006,8,August,104.66904616371691,3.0700460624785277,11.740790571243837,7.405418316861184,0.3737881925785616,0.3045676889564187,0.02876913030198311,0.42457406538357007,0.20144403832592572
2006,9,September,60.445905587636425,5.660771232213131,14.944350940652997,10.302561086433064,-0.5809629147351676,-0.9654640862641027,-0.3074025739852089,0.1593996684149308,0.10987003297774973
2006,10,October,98.53616914528733,6.238817121610599,15.498126279791334,10.868471700700967,-0.10626655740021844,0.22612892597391604,-0.2205736927124098,-0.17106798803238418,-0.018834016600547846
2006,11,November,106.9274597102835,8.231628871110564,17.329497855464638,12.780563363287602,1.3905050182574108,0.5634684249834233,-0.1421143893584641,-0.027939475909858617,0.19960714776926802
2006,12,December,86.28290339061388,7.793722457625573,17.533248331006913,12.663485394316242,1.4591539076786728,0.0830202755538452,0.39939769835982686,9.784205161528963e-5,0.22094333804112654
2007,1,January,84.65822639840188,11.520381897505217,21.026436453181038,16.27340917534312,1.0916723876726278,0.08619716946798295,0.23330421672258084,0.003260171691264845,0.11676972352506194
2007,2,February,41.6472588662839,11.084936792162331,21.719892363655198,16.40241457790876,0.6918038654246292,-0.7846009657702312,-0.3447873987103619,-0.341659076725599,0.06443945027690322
2007,3,March,105.03786461238572,10.833052953095015,20.94117393819436,15.887113445644683,-0.2724019459028182,0.2679429927282948,-0.2311686203238187,0.01911229418936847,0.08774492819723953
2007,4,April,60.262660660391404,6.892336891330472,16.62726329054218,11.759800090936327,-0.12786190186151686,-0.4583316670955368,-0.5131384722232656,-0.22703596007055574,-0.2191008355030595
2007,5,May,51.15806142041538,6.636780184933615,15.610262571416973,11.123521378175294,-0.4981119714670182,-1.4902030317651769,-0.861106775029427,-0.8254214517632547,-0.5372687283510863
2007,6,June,108.23732679878916,3.4854960019552057,11.15636464451886,7.320930323237032,-0.8134758833598613,0.07439174551727938,-1.0241628162649425,-0.8217239034048638,-0.5331752909198539
2007,7,July,128.57463893526543,3.7021342667247685,10.916205030645836,7.309169648685303,0.7498776033532657,0.44744498370361246,-0.36954213560689675,-0.5779245717326199,-0.38608165291796503
2007,8,August,84.75796014366213,4.110427993484846,11.941111758143697,8.025769875814273,1.1509528051632738,-0.2122194308672324,0.13082835455861674,-0.37909983798776054,-0.47056491041960385
2007,9,September,69.69304525135908,4.924336735651326,14.031587400715534,9.477962068183432,0.19420170513505833,-0.5041558262334271,-0.06132204146814221,-0.6294151060273072,-0.4145414463818225
2007,10,October,103.21666583808609,6.1678715634042405,15.495486437273247,10.831679000338745,1.2917528753954446,0.194926574105665,-0.34166331604978273,-0.40920326436991483,-0.4269075431793909
2007,11,November,39.929502841928866,7.148597192596587,17.75893471691434,12.453765954755461,-0.5190276362780599,-1.1162751528913595,-0.8568969290072648,-0.27945995539894164,-0.6853391895028759
2007,12,December,94.22571499413043,10.723630624655668,20.221215940155922,15.472423282405796,-0.8227148193956043,-0.16863684599183337,-0.5907234957858035,-0.3862411997497609,-0.7228906127121681
2008,1,January,53.48023329535065,11.927881624850551,23.05597013255875,17.491925878704645,-0.8767623017949877,-1.057811283964276,-1.1833390478827266,-0.9777657079591732,-0.9013236339985562
2008,2,February,73.30889164804186,11.587306183748156,22.249156158134923,16.91823117094154,-1.5270823785012013,-0.16946016833990912,-0.8240101633533304,-1.018163733881698,-0.7852256737977396
2008,3,March,68.39735169675711,10.66757566991971,20.97222938922983,15.819902529574769,-0.9503863018954518,-0.37243668378989897,-0.8755984575959318,-0.9179731660127896,-0.9043647158979082
2008,4,April,117.59269889118124,8.221056367184417,17.470136597301455,12.84559648224293,-0.52971236480095,0.5264812046242292,-0.002388819406534064,-0.7215597526947491,-0.6623355637481722
2008,5,May,83.07784550431259,3.863366332517609,13.040936068659693,8.452151200588654,0.9655179190514103,-0.391654977839541,-0.10035693309035763,-0.538068580177955,-0.5112404802110393
2008,6,June,118.33268457557185,4.041627465642102,12.044229238308686,8.042928351975393,0.16695341314123788,0.2520225786121625,0.21454012243135803,-0.38375690618905123,-0.5063232400158656
2008,7,July,167.7684841037526,3.5923813766763923,10.86232239205958,7.2273518843679865,1.7656299473315893,1.138234727603185,0.5989865885212999,0.33532232590414796,-0.3255918525851945
2008,8,August,109.58161207719662,3.6265477254657212,11.141114697267692,7.383831211366706,2.0189743025017948,0.3259701726468631,0.7572313703944071,0.4396961811165255,-0.18744186925127734
2008,9,September,75.64360978367841,5.402520984613129,14.356159838652085,9.879340411632604,0.18273948761919,-0.5559528067288325,0.5641104022250805,0.4475340657586025,-0.19875000350984
2008,10,October,87.40437157240319,6.448232931543738,15.618172204306905,11.033202567925324,-0.0759394600844567,-0.2602366917470915,-0.19869682023624125,0.22182619305885645,-0.27070682562376025
2008,11,November,67.69512548271724,7.931532518808518,18.104095811414656,13.01781416511159,-0.03306789890683014,-0.6559151365977401,-0.8306531016870723,0.1931545599141234,-0.19515783141602497
2008,12,December,99.56039266820164,10.372314884178364,20.129493572006965,15.250904228092665,-0.46113505155975076,-0.06446240009561308,-0.5721439840829711,0.12894479708506104,-0.1642278646067697
2009,1,January,64.15751432983619,11.084582352547807,22.409315389669793,16.746948871108806,-0.11770064447762474,-0.7744919002339589,-0.8030156936152633,-0.6203814934031673,-0.16055838699715813
2009,2,February,112.19140954653744,11.908920383741195,21.665112897083365,16.787016640412286,-0.7646492736727959,0.7695869097754953,0.04425138910386559,-0.49437493146503775,0.037971205606266344
2009,3,March,56.188539020387076,9.21406613541083,19.411323208205594,14.312694671808217,0.9702506955767108,-0.6010410706225048,-0.25778047599792864,-0.5478086905184176,0.010092698752620392
2009,4,April,72.71599535315345,7.247781640348911,17.077057211573223,12.162419425961069,-0.2144054854189914,-0.3650943030865439,-0.14350123771299658,-0.6149591962166279,-0.1685262656265546
2009,5,May,124.08213861719516,3.994328328238235,11.922023111531676,7.958175719884957,0.9624961165230406,0.6686492883555439,-0.2352557495869339,-0.2243829753573718,-0.0373680089431877
2009,6,June,89.14479273284724,2.2176461331486004,10.074805719120173,6.146225926134388,0.6315891633395098,-0.4047384350688068,-0.07109792358356548,-0.26472334062573005,-0.10935026338874798
2009,7,July,107.5077608879863,2.4262028023638287,10.110559183111537,6.268380992737684,1.1205268439700173,0.057902937399197746,0.15651890369732208,-0.02650938774710259,-0.3775341941432226
2009,8,August,107.51549346053186,4.914080908363876,12.767284462229446,8.840682685296661,0.5708294992402361,0.10729810696819692,-0.10335217425242686,-0.21157071448823692,-0.4402229034646978
2009,9,September,81.97913491696464,4.693113662957288,14.124420865094603,9.408767264025945,0.21137923289819074,-0.10419746822822167,-0.01637158031929099,-0.039549160345933955,-0.3765690854514673
2009,10,October,114.31049604038813,5.235542508111143,14.092312306462398,9.66392740728677,2.0487733859962125,0.6044372129109079,0.2791636269435046,0.23345585253764461,-0.19320174172595814
2009,11,November,67.98672481950567,7.680223838610144,17.52377135165647,12.601997595133309,0.7339475195544252,-0.544205704287539,0.036834866054586385,-0.05740244480924053,-0.1584347264105217
2009,12,December,93.36348617910542,9.369913230589729,19.580933184527513,14.47542320755862,0.6581127337484339,-0.1590083420704505,0.01778502706916581,-0.02144042837276327,-0.16258595140398815
2010,1,January,115.53507006677017,11.062659351432348,21.01718855551392,16.03992395347313,0.16559971992280445,0.6058359024651967,0.005407718016851298,0.18917419882267852,0.07803458946627569
2010,2,February,56.50078275578948,12.284330090907673,22.599203143298553,17.441766617103113,0.16031091067022382,-0.6936691568925735,-0.07228910465299777,-0.060922173116149586,-0.18724294647991896
2010,3,March,60.47095217350609,9.735609477574428,20.33952679303395,15.037568135304184,-0.49480501656948517,-0.7295654362005979,-0.36582174692994535,-0.2642860554003682,-0.1895941906715844
2010,4,April,87.69566539046069,7.913745099632044,17.741534670079755,12.827639884855898,-1.0100249090076843,-0.39501967624820444,-0.8853968727926211,-0.5829697514089568,-0.16300322195809092
2010,5,May,148.24026739822708,5.927303350705127,13.99825760546468,9.962780478084904,-0.8546461830092883,0.9056470221205631,0.05588506587491685,-0.07796634093450447,-0.09322368169801216
2010,6,June,129.6029620925011,3.7561968989612504,11.20513003054333,7.480663464752292,1.5028033367783027,0.5471870590313913,0.6717718249643757,0.20627826147893594,0.07822471971004742
2010,7,July,77.28146617690138,2.0117919116603087,10.61269636427239,6.312244137966349,0.24199147140853025,-0.5868054146217413,0.4127919569526075,-0.20735313774786843,-0.04314786219160102
2010,8,August,145.98042274606019,4.638442830514518,12.062855211587626,8.350649021051073,1.1042750226622808,0.984802144045929,0.42061430746957,0.333565641880267,0.1552157753393767
2010,9,September,151.65323934966662,5.60509764621126,13.661193373126206,9.633145509668733,2.5511115113400553,1.1720926993922505,0.7951893165413844,0.8739620407903301,0.4051164011738187
2010,10,October,61.966825572764186,5.783172819300991,15.70342631379255,10.74329956654677,0.3502857767784765,-0.9623785870562556,0.8114426374229896,0.7166980903729429,0.17346133225528695
2010,11,November,45.25932533494528,8.633751164888215,18.878477830540618,13.75611449771442,-1.4454435858672035,-1.2796014210322366,-0.3080389118504538,0.17258618537929635,0.07957434669347233
2010,12,December,113.4474801951857,11.675928528644762,21.13755765762073,16.40674309313275,-1.8160146553856715,-0.05341700914930296,-1.1189162907631,-0.010186150832289386,0.1082261619118887
2011,1,January,173.16462416379554,11.769602665386918,21.87718191739538,16.82339229139115,-0.21701978430464727,1.4413899168545763,0.4152399639522023,0.8070887643156359,0.29466145018838075
2011,2,February,59.11787922728713,12.539866570926314,22.227391708855606,17.383629139890957,1.2885267472652346,-0.7506034514841203,0.6142759657914156,0.23004755129924487,0.2959456110954779
2011,3,March,133.42907009267913,9.696097474931388,19.981336558553206,14.8387170167423,1.612466388321246,0.9322974462344852,1.0315693873370262,0.06916391281849639,0.6219233948453775
2011,4,April,119.38344395238181,7.473224399844665,16.494814797399524,11.984019598622096,2.5058268850904573,0.6691556515959532,0.5325829077856545,0.6082169967358954,0.7989418581287169
2011,5,May,135.44706606756037,7.721069836577456,15.175790558377836,11.448430197477643,2.2659880573562003,0.6204737119958914,1.0294091520664093,1.071019054160629,0.7600180766722012
2011,6,June,98.18076831021303,5.092692056173739,12.238533007732611,8.665612531953174,0.9277924098760345,-0.30435285374837356,0.4621517199918306,1.011766082488515,0.6606582979889326
2011,7,July,102.65277174799421,2.7771655574372396,10.548495613991088,6.662830585714163,0.9222422080985603,-0.05358180452096534,0.08731157835828064,0.3895974526094301,0.7395835907124353
2011,8,August,60.5996279896785,2.1903218956307957,11.325614828941404,6.7579683622861015,0.008146391608827706,NA,-0.5824572786526993,0.35091865461638494,0.36039676777368734
2011,9,September,65.04502593099892,3.453680827120653,13.38039564733667,8.417038237228663,-0.24925840220142656,-0.6448040998208223,-0.7096485990237466,-0.10900865056721491,-0.0023223991881900405
2011,10,October,121.56310884926587,7.169207865843665,15.84781684594588,11.508512355894776,0.9453151467826431,0.6091029430382782,NA,-0.19269651708502472,0.2662409517316929
2011,11,November,87.51377870427068,8.014915014459982,17.480286850597963,12.747600932528972,1.159400809797967,-0.07511433076875791,-0.06957258442048321,-0.40932387144783816,0.44351327428813914
2011,12,December,142.89167621536052,10.627484726919874,19.887092628841184,15.257288677880526,0.29520701403897553,0.7306667704401313,0.7833346598880015,0.019501825306160504,0.6306513355692512
2012,1,January,91.82906887927841,10.778392430329198,20.72296151925121,15.750676974790206,1.1247942911633617,0.29243016582016,0.6217830157582342,0.12917355774427303,0.27515363479292193
2012,2,February,86.70982995048593,11.240611903731489,20.55529433869245,15.897953121211971,0.6166690638278283,0.31359351211621883,0.654880937095528,0.4316896887888279,0.4233007105432874
2012,3,March,114.88249816491918,9.283008387223093,18.79344886873575,14.03822862797942,2.1379695224064483,0.6595812399809547,0.5659977114018006,0.8055170197582419,0.41306098575041006
2012,4,April,53.037782331879285,7.354732889953928,17.574705422278196,12.464719156116058,1.2550450952492374,-0.7802486732807048,0.07784033470091153,0.38581341295210253,0.13282079504907998
2012,5,May,78.7242857479651,4.237228538374216,13.517395229398094,8.877311883886154,0.587822453323838,-0.5052575009969319,-0.29033512697917824,0.2578492811125435,-0.09586083449832405
2012,6,June,85.13356445860357,2.7618553744964967,11.10187206970156,6.931863722099031,0.4405211097441158,-0.5846959732741382,-0.9670452839357581,-0.2013084147180698,-0.1318342445152692
2012,7,July,134.88117409803704,2.7946553083936347,11.03693075417547,6.9157930312845535,0.18174759471082244,0.5701876131028512,-0.17397916178530015,-0.05898690440923577,0.029310415334473934
2012,8,August,96.97693697708155,4.212982756899656,12.54048678825203,8.376734772575842,1.0123251762775844,0.06910601053545357,0.09004205456526564,-0.10001240825035267,0.18047897676424743
2012,9,September,98.91465940787599,4.872706454966192,13.779464190489644,9.326085322727918,1.051094798226204,0.17445706296182525,0.4140673469790117,-0.30591706827926984,0.28968272648038423
2012,10,October,105.34455933294893,5.923838284035762,15.281807830507455,10.602823057271612,0.8599365566855016,0.053312232438494714,0.11207469968280345,-0.030812911587374505,0.21313190065885532
2012,11,November,60.11284962974288,6.575657788088106,16.818032741418317,11.69684526475321,0.35252245222264145,-0.5585846242628011,-0.267965223563956,-0.03317643840854654,0.14239378680645376
2012,12,December,82.8498935011429,11.086733387466648,20.95033701956276,16.018535203514695,-0.5380196599121398,-0.6640624910281416,-0.6810071044960081,-0.07590097949905146,-0.15928285016144886
2013,1,January,56.8134027545681,10.860665348598628,22.230225846145963,16.545445597372296,-0.5614321968717345,-0.8820321058968066,-1.050727376670289,-0.6230435299841453,-0.36427118575977085
2013,2,February,31.51709313233093,10.705079892550966,22.316207830429533,16.510643861490244,-1.694312276649136,-1.112771181649252,-1.348905720736692,-1.0546444971005018,-0.5982312999237411
2013,3,March,42.61823289441998,10.223842063048245,21.343302023168363,15.783572043108308,-2.819340042815605,-1.0259621443524949,-1.4879463968742992,-1.3004723178922704,-0.9379609309852888
2013,4,April,103.28938391999633,8.754650870141074,17.793789203765048,13.274220036953059,-1.9631663335484173,0.32224641515582375,-0.848729885053022,-1.1895453411141577,-0.7109611570014918
2013,5,May,109.71598505374733,5.468002972430203,14.046628857171548,9.757315914800875,0.32555035406529287,0.17036323582869575,-0.27954315112753764,-0.9454049200094767,-0.6198445308588597
2013,6,June,128.9300978342,3.9067201157082145,11.389284524747584,7.648002320227899,0.9362344237061355,0.5219764020303856,0.47438589353812444,-0.5765059138543682,-0.42280995472832
2013,7,July,86.98376859873177,3.220867561101691,11.61022933940892,7.415548450255305,0.5809576361890324,-0.429984232066741,0.08088237763026598,-0.5085519153475493,-0.6648923653352373
2013,8,August,91.73142879724513,4.936143906037403,12.892621447776252,8.91438267690683,-0.2544402074633983,-0.1878685595486189,-0.06380445863982943,-0.24761131489973978,-0.6986758337019426
2013,9,September,104.66636533086441,5.50818010710743,13.929562000660685,9.718871053884056,0.9887984585560735,0.3686854211669022,-0.2057266868251808,0.18147156098390876,-0.6621804535566632
2013,10,October,99.98488413635087,6.886042880279376,16.44662211846803,11.666332499373704,0.904259907437917,-0.13431561693912103,-0.01726173892220021,0.04450073146426942,-0.7014720435276889
2013,11,November,73.12804094209827,8.952644997366354,18.975330740917137,13.963987869141743,-0.44679867671557183,-0.3835262286758547,-0.09317170204890335,-0.12135235669236998,-0.6639039911529976
2013,12,December,107.1762052528802,10.418188467131772,20.394906468547855,15.406547467839815,0.16880309220417214,0.03484806315372402,-0.25776299364871563,-0.3207033690849878,-0.5472863704306189
2014,1,January,82.03654782227923,9.71480377414862,20.67773272375994,15.196268248954285,0.7699571443372188,-0.045256504013554494,-0.2979789811661537,-0.18314904086197517,-0.45105053559662234
2014,2,February,44.86277882391728,10.969989449076351,21.888704291095166,16.42934687008576,-0.13433298488700657,-0.8077451800733918,-0.4663493744509649,-0.37643860046899263,-0.3865898221506392
2014,3,March,50.04033099023421,8.887476748033675,19.85424811916094,14.370862433597303,-0.8141297529204866,-0.6894678798726458,-0.8353559999786194,-0.7086600434054897,-0.3231242247660787
2014,4,April,142.09037426338065,9.552026248843704,17.579482935865812,13.565754592354757,-0.05565069564189895,0.926734809134235,-0.14702093820251438,-0.3030018651138347,-0.14631340847706462
2014,5,May,92.05350891182403,5.368696140353084,14.388883705966144,9.878789923159614,1.3397860500890217,-0.36655344669726736,0.05725787995257536,-0.31663740321902933,-0.29800977138888
2014,6,June,126.9149879106493,5.018420765873031,12.742182398925538,8.880301582399284,0.6323964438218266,0.3210879667745442,0.5235725407208525,-0.22500678500562749,-0.3550645388542065
2014,7,July,59.553914083800976,2.8082781727923902,10.8477190842049,6.827998628498644,0.22980468344828886,-1.022487173378934,-0.6074811222607808,-0.4959779132606595,-0.4365387995846917
2014,8,August,88.09105574870286,3.0107897202336167,11.607402071247039,7.309095895740327,0.11938832064854392,-0.17070902380062825,-0.47644445711990685,-0.2593225638143461,-0.39365801417791874
2014,9,September,90.28912081012211,5.042278036938854,14.046860978589407,9.544569507764134,-0.3233100225608703,0.02561533782593645,-0.6318624742130698,-0.01884556394123891,-0.44909526397306604
2014,10,October,85.18566440645259,6.024998676188654,15.70375346609057,10.86437607113961,0.476068091776787,-0.3729237441873457,-0.3107486638465016,-0.5165675082810333,-0.5168475495821214
2014,11,November,92.51950733395373,7.204559901187184,17.128361461812656,12.166460681499917,1.4474759151182781,0.020286263518686898,-0.18677347185292198,-0.41259856302039283,-0.4239227915885558
2014,12,December,117.61918555130231,10.315774792279774,19.617683958134162,14.966729375206965,0.7977525012513041,0.2732230108961638,-0.011747598110237031,-0.43018207913043,-0.3514330841425996
2015,1,January,45.171942579866744,11.645023174838839,22.94050097887052,17.292762076854682,-0.7640017410356155,-1.2048948535392616,-0.412169804784283,-0.4107531745518073,-0.5342193887886514
2015,2,February,55.29126046021111,10.593382042340512,21.624612054669058,16.10899704850478,-0.9523005410548719,-0.4218636704718262,-0.574626583692056,-0.5137967431499816,-0.47069690350694365
2015,3,March,89.05710053411076,10.50103626130066,20.556302015889983,15.52866913859532,-0.9147885736535146,0.13601397244681931,-0.8026153447671516,-0.5626413169853962,-0.32778542562619295
2015,4,April,122.65024766600851,8.295184586511802,17.184186010552843,12.739685298532319,0.2949220739431474,0.6400025862160303,0.07882719463329334,-0.2033527802985258,-0.4321726314651214
2015,5,May,81.71623404844676,9.237353151207996,13.251224681587933,11.244288916397965,0.6794334933941298,-0.5724673529995501,-0.004897276985584067,-0.3755480754602833,-0.49611972484295375
2015,6,June,118.17316080358087,3.9880820959376932,11.686149987371673,7.837116041654684,0.3611339149827647,0.1295234580676254,0.12476113643509337,-0.4355063587328577,-0.5151456666092541
2015,7,July,95.08163866836178,2.0165463329107736,10.40256550170343,6.2095559173071,0.6184071289455203,-0.20684103394823697,-0.2822636004037843,-0.17408335703201974,-0.3592092620705798
2015,8,August,119.24866807815363,2.991308558296002,11.331580549533742,7.161444553914872,1.1214906034727574,0.5745433740434581,0.2161423890283757,0.08141564748064054,-0.23542782759500655
2015,9,September,83.80870063179714,4.073782846171018,12.870867907305374,8.472325376738196,1.014413222613247,-0.03539317335917252,0.14104937026439165,0.10295947531162511,-0.25519954080270557
2015,10,October,69.50531074829215,6.442595461268365,16.27326413173674,11.357929796502551,-0.32585628607821693,-0.8913017013968003,-0.1128238215127265,-0.27528160766116844,-0.3414349802923263
2015,11,November,72.80198630815255,7.3816632093380194,17.5743284429227,12.477995826130359,-0.2517213709296943,-0.26556508240201404,-0.6869878305430773,-0.17785557737831537,-0.3704749207098225
2015,12,December,48.59575846047387,9.33858101359402,19.80299843384424,14.570789723719125,-0.5286784345812308,-1.2838508664204258,-1.3199362427204067,-0.6589227706075782,-0.6544650081068766
2016,1,January,116.49828576684354,12.138388488749072,21.829866989488018,16.984127739118545,-0.16663860237682876,0.6456146321951391,-0.4691219104246281,-0.3682143454451613,-0.4224120497670298
2016,2,February,77.86902753866956,13.494181548443445,23.77831196955338,18.636246758998414,-0.2418008652292805,-0.31344210541945355,-0.5138313423400476,-0.6991628095668252,-0.37113507019561637
2016,3,March,76.03128062447159,11.31011144171237,20.801186612940967,16.05564902732667,-0.3280459840537737,-0.23341178393755804,-0.03528984833453788,-0.7974228695322049,-0.4286082735392191
2016,4,April,64.37836318348269,8.020769899130842,18.026610564562418,13.023690231846627,-0.12824630452936714,-0.6654014425670339,-0.6901763659823422,-0.7502312602311593,-0.6380145389823915
2016,5,May,133.6560197230315,7.755393202032844,15.786979564176537,11.771186383104693,-0.4322835451364779,NA,-0.19720033136169446,-0.4935231728368651,-0.45425839492426856
2016,6,June,94.61590870842842,4.539091275253716,12.927909025492385,8.733500150373048,0.09908130199966156,-0.34407154079919555,-0.20304775663492974,-0.23606762577354576,-0.5466694453044109
2016,7,July,108.56067786030896,3.173173529629365,11.45260087317581,7.312887201402589,0.8497764380688752,0.04063799664957303,0.12592371608632905,-0.3809696624830659,-0.4944925638782719
2016,8,August,81.63534069958345,2.7345875898238985,11.442429455174773,7.088508522499335,0.8767235797778314,-0.15891602524273662,-0.2429178396088075,-0.3058032574230139,-0.6128176122175122
2016,9,September,85.40572892518355,6.253095291595578,13.901160479024323,10.07712788530995,0.4159500653700447,-0.027829707257371744,-0.10866635874823567,-0.20955182658581428,-0.6282354976742555
2016,10,October,99.47797926151767,7.072188114002034,16.159948880346025,11.616068497174028,1.176098343432743,0.14155963205097943,-0.08610786388429942,0.020526896090145196,-0.48944121147474484
2016,11,November,100.1725099289425,8.528106758261034,17.80475274907902,13.166429753670025,1.842051865192262,0.4719478530415432,0.27082219343385316,-0.04227494733157775,-0.3713990677404681
2016,12,December,69.36877378805718,9.471591878830036,19.71678489240816,14.594188385619097,0.43263270270103305,-0.6935938847047695,-0.13668768452282576,-0.17485257269191815,-0.29018625163764067
2017,1,January,92.74858350226087,10.3442969041482,20.988240209684147,15.666268556916172,0.21685404758868596,-0.04623027749777083,-0.2111642896039114,-0.18849458531577046,-0.39967153861532945
2017,2,February,88.44910392869382,11.601100131934944,21.831688787382532,16.71639445965874,0.6812690180449569,0.277981361285519,-0.10615452251426775,0.028611508346636394,-0.2521847010991
2017,3,March,121.46274601796758,11.001138158413191,20.141417950510096,15.57127805446164,1.3075458038020698,0.6387046393553587,0.6208658508477817,0.3024710329693631,0.003387590236238706
2017,4,April,177.83227114282266,8.704105518553652,17.411028316905924,13.05756691772979,2.279065404331598,1.3642934958177895,1.1116939561507435,0.9169338962448987,0.554315563197088
2017,5,May,109.61058316650737,4.990614405719367,13.672762859753547,9.331688632736457,2.1260487336055287,0.24516709000067236,1.1659247144649865,0.8558118106410821,0.5315216634816003
2017,6,June,78.2299009787891,3.4562779837132385,11.839256735973757,7.647767359843497,0.9033328680551564,-0.8530500896507377,0.6888354894975895,0.8268044822533716,0.4405319935961246
2017,7,July,133.60134554788672,2.8703238391649037,10.473816341775501,6.672070090470202,1.39241910223286,0.6248451458319088,0.073502828888695207,0.8575856608298111,0.5406478772634681
2017,8,August,123.12095759553478,4.491966062589689,12.806003191828026,8.648984627208856,1.5126321613350981,0.540221346304127,0.23066911247323915,0.8871583161872024,0.6420609616830124
2017,9,September,124.40974027501228,5.770240405621595,13.967937916955231,9.86908916128841,2.1470290153821825,0.7848975524721921,0.8360529141986105,0.9035247647818183,0.7659826338463478
2017,10,October,73.73023765410046,7.495772320378029,16.17568133797903,11.835726829178528,0.604172883476272,-0.596108047774365,0.37306913451485935,0.2448766585505917,0.7207929837457886
2017,11,November,48.21008249118172,8.942419616495437,18.497436295029942,13.719927955762685,-0.8802830977721213,-1.1522016703917082,-0.46848943285735584,-0.08257470661748782,0.4962244240276347
2017,12,December,60.85240614794684,11.45843060564479,22.221718473789895,16.84007453971734,-2.4106996222142145,-1.2925486102171773,NA,-0.22808307455509663,0.40189256054707356
2018,1,January,119.71729620438508,14.59600745578136,24.124545627056513,19.360276541418934,-0.23379114682135632,0.47123847337547675,-0.9554376243930908,-0.33310973269069033,0.4141379590196545
2018,2,February,127.2651333742585,12.767847748998754,22.10135150712617,17.434599628062465,0.8206993913949736,0.9917550140633735,0.16172675132557354,-0.14910147080085376,0.5301577946020116
2018,3,March,100.68187328587197,11.330159195659942,20.743240740065886,16.036699967862912,2.088538495105575,0.29270320597734095,0.7637843636569376,-0.33290296821497084,0.42743613946705145
2018,4,April,124.60969349984491,8.173855730378703,16.86723235575082,12.52054404306476,2.308983304138133,0.7621386085559474,0.8703522577934487,0.03739898361340881,0.2031920674115122
2018,5,May,100.36557821721836,6.014715343781913,14.131214545858157,10.072964944820036,2.272931849694185,0.07514344642597674,0.502280666881704,0.3461427541253596,0.1361383427637298
2018,6,June,111.64564369564125,3.7268297343239936,11.2709930854303,7.498911409877147,1.5328564984215,0.16711827890374908,0.46896213004582077,0.742435820793091,0.34861853648544944
2018,7,July,107.4108373852725,3.481867030998984,11.741016365858567,7.611441698428776,0.9742138649679414,NA,0.04019683837791081,0.5920340923440294,0.20044877809993109
2018,8,August,91.43830644322,3.9594386807382818,12.25737684377361,8.108407762255947,0.713024401268676,-0.07607099662410712,-0.02139297623623907,NA,0.10042187643016189
2018,9,September,62.25250948442182,4.628853478288993,13.898239401190397,9.263546439739697,-0.04154621993738918,-0.678210661231079,-0.3611413655984491,0.06585972828121751,-0.15981483960860762
2018,10,October,77.82326270972708,6.163098522387044,16.06379717489192,11.113447848639481,-1.0051443819649548,-0.4401941128433249,-0.6205337593971219,-0.3164637589373822,-0.15345842220935196
2018,11,November,112.11622071676202,8.423674982767377,17.778997552421306,13.101336267594343,0.4809399746727428,NA,-0.2283859806132022,-0.08308306179647955,0.15554180717964639
2018,12,December,111.9798979953856,11.397467403987468,20.58356341915357,15.99051541157052,1.3748592523320005,0.1769467378159104,0.2562996677541589,-0.06525677541143107,0.4444109739496739
2019,1,January,61.200133868808564,12.813990762115186,23.107371330732125,17.960681046423655,0.049280279650815995,-0.917081115177264,0.08962883451954044,NA,0.20695252362266933
2019,2,February,50.68093268057343,11.325281739066991,22.307344591739636,16.81631316540331,-1.0138519967095359,-0.6474725667818595,-0.5669086983194622,-0.5043019677876439,-0.10573211174232139
2019,3,March,78.19254573113001,11.489410086962126,21.652501700183873,16.570955893572997,-1.0622487410132628,-0.3170993767825626,-0.969343802814423,-0.45452162618416986,-0.22487429998318179
2019,4,April,103.63873073694218,7.102464361425451,16.926969095814233,12.014716728619845,-0.43830713616128614,0.4266403640887028,-0.33070340468033316,-0.19372089424512118,-0.25904403453722236
2019,5,May,94.41890421102457,6.412363207205008,15.513554169769272,10.96295868848714,-0.16497374270322018,-0.2939581185922715,-0.17890320130278162,-0.5160486034476939,-0.37940032239245125
2019,6,June,67.64326249602762,3.202399838293726,11.687148504752761,7.444774171523241,0.13593593842034998,-0.9716140222642083,-0.39435337735744874,-0.8565312317530684,-0.592380381767348
2019,7,July,140.66506076065082,4.261377790691804,12.074339213503379,8.167858502097593,0.6013493514414869,0.6058257318697226,-0.24561094348625556,-0.38306208454843993,-0.42774850202409825
2019,8,August,107.50116949061785,3.8067057184416346,11.939307598634853,7.873006658538244,1.634796540807764,0.2543835375074875,0.014805790788535651,-0.13382976976335884,-0.3786211428223757
2019,9,September,81.59040330379725,4.887532713092992,13.621986613852961,9.254759663472973,0.6396510304578725,-0.0984967513952006,0.3069937855502757,-0.06760082233827396,-0.30618856496824076
2019,10,October,103.35933289167427,6.308736411089604,15.221378266705978,10.76505733889779,1.1212959403524256,0.2509934114612998,0.15192202021760334,-0.08614990757097417,-0.19888987797990385
2019,11,November,77.14858788729755,9.054860127680998,19.35115356401881,14.203006845849902,0.4874548863460132,-0.542868703483724,-0.23831831849406235,-0.11418107322590026,-0.400060259467883
2019,12,December,110.36172813951285,10.412643441664907,20.042963962871315,15.227803702268105,0.03467794958006965,0.21171308053521198,-0.056674313633670814,0.18244618788907632,-0.4260589454318871
2020,1,January,30.74708833794936,11.249374201214328,21.72824922163766,16.488811711425992,-0.7275961401030918,-1.4271450911194477,-0.8909393927838775,-0.4639497012090719,-0.5336773954474918
2020,2,February,53.55724110664438,12.223676741711387,23.11206393719077,17.66787033945107,-2.0031732243915394,-0.9257212357759185,-1.134602356132905,-0.8625711953670904,-0.5654040144716075
2020,3,March,74.12143064060405,9.462879129505032,19.558532820687766,14.510705975096398,-1.9143977208401328,-0.06809235806410255,-1.1968345578840942,-0.8025583367428161,-0.5016316476190055
2020,4,April,59.891644608812534,7.534947672123217,17.310915156934023,12.42293141452862,-1.3410989882869584,-0.8041669744788777,-0.8504345617613602,-1.0893095781065747,-0.6799619994306393
2020,5,May,89.83498529578378,5.6120730711356455,14.386920435722184,9.999496753428916,-1.4741785442766482,-0.31580220613803583,-0.6395245252084489,-1.0396588356284884,-0.6950157184872026
2020,6,June,117.64724781228735,5.3882145571831135,12.464829447043691,8.926522002113403,-0.6437844693728779,0.20235884448355954,-0.4533062208504888,-1.0473063027653164,-0.5009327451667653
2020,7,July,112.14901460663707,3.6297855691571885,11.038998012844814,7.334391791001002,0.6819096956500539,0.0033801476734618436,NA,-0.5601889290651735,-0.6160643650725338
2020,8,August,89.89939470966601,4.639845207619868,12.712803504099265,8.676324355859565,-0.09270845184601184,-0.22554918185457448,-0.034868932658455275,-0.3893600322302655,-0.6870888047870722
2020,9,September,92.59535156040464,5.196188208482794,14.119164547847397,9.657676378165096,0.4058775868576004,-0.10686429924573236,-0.1295621740217454,-0.32730391018291544,-0.6843594451005911
2020,10,October,87.5296455518442,7.575893237824207,16.58919845823154,12.082545848027875,-0.1285222516355934,-0.47684866950441146,-0.438614887410498,-0.19761240091619017,-0.8186003206108725
2020,11,November,118.00469322078635,9.074091348277767,18.354554191094074,13.714322769685918,0.4799175406244274,0.7422820008286635,0.13602834832425223,0.1247306711551087,-0.5599578139183777
2020,12,December,74.74983380913496,10.003632872240662,19.947619858410874,14.97562636532577,0.5669945309751397,-0.6912652869287963,-0.1260068017864541,-0.19875642989746561,-0.6930829476754695
2021,1,January,77.72723916747132,11.51765055845812,21.713754891565753,16.61570272501194,0.2625084958012288,-0.31863703327976073,-0.0851710628877661,-0.3086308991848217,-0.5275197807218739
2021,2,February,44.80192069459763,11.013593298071742,22.00393607313795,16.508764685604845,-0.777996828118491,-0.7064249090159108,-0.9015980166901804,-0.4704395201531759,-0.4829436156324009
2021,3,March,83.89777238383391,10.396679737930732,20.021365446769785,15.209022592350262,-0.7696268072341785,-0.02610291310756695,-0.5355450557507067,-0.43208655012299824,-0.4425199207225049
2021,4,April,69.15882395786002,8.469942103164007,17.82252922152838,13.146235662346196,-0.3407340497849546,NA,-0.6583339082632672,-0.5127586682674925,-0.3915297382140132
2021,5,May,107.75313597860364,5.7395887061991155,14.471314640169448,10.10545167318428,-0.6487550681641429,0.14285219670709307,-0.2743931222508312,-0.7065045734457823,-0.36691208795574837
2021,6,June,120.97836463796686,5.7853740816493815,12.741198313651525,9.26328619765045,0.1247667707951615,0.2589267070010551,-0.17593706368604145,-0.44903385815476543,-0.3880633190812
2021,7,July,110.74724862712908,3.60481804403111,11.3977114760455,7.501264760038305,0.6466126129926371,-0.005445785914655155,0.12629318998483108,-0.35138225256497546,-0.4161080603074271
2021,8,August,110.61514451304348,4.0295220028729,12.182820071854053,8.106171037363476,0.9883649853663955,0.36005328233170286,0.21294030485916493,-0.041215434038213,-0.3022508731803573
2021,9,September,121.38200771912236,4.785657527950605,13.699685358820823,9.242671443385714,1.2633147624346004,0.7840946476226235,0.42553335547122156,0.18909958496857113,-0.17025586279108812
2021,10,October,106.2567374628417,7.71318749683402,16.143361362985072,11.928274429909548,1.2773663689552763,0.12859310805582633,0.5826781267191744,0.39752397784452553,-0.0688261577170725
2021,11,November,90.03074766106485,9.744545047226696,18.922814279654638,14.333679663440664,0.4761388996214588,-0.16792452576041905,0.43769174123832455,0.35517392059858505,-0.21772247980903958
2021,12,December,145.7616455900317,12.364387571428132,21.116790200653924,16.740588886041028,0.738166259900351,0.7735698254148791,0.499325033254264,0.5835712971668937,0.0720587950400631
2022,1,January,26.936454568081125,11.571069015501406,22.910604670667034,17.240836843084217,-1.0044774524252884,-1.5303538175076286,-0.3407874802607613,0.18684290633369896,-0.136561457777297
2022,2,February,178.39194711756602,12.498781320514757,22.087284083909907,17.293032702212336,0.7625018891637447,1.4790156422928733,0.6826299746677531,0.7223481975784688,0.3836834486757558
2022,3,March,86.37422258041207,10.85239766174274,20.883572974349786,15.867985318046262,0.48952246340131705,-0.12141273869209311,0.35043303698227113,0.47109128245178533,0.43899747429348324
2022,4,April,61.46883305053949,8.12792944174561,18.072927878361867,13.100428660053739,0.28182728391424017,-0.9412057067320201,0.6041119863956566,0.2135556010531647,0.43925097828285564
2022,5,May,114.21702490912395,6.5041614451923415,15.404720159431651,10.954440802311996,0.04271775850842793,0.25334461731535435,-0.2397707636680773,0.3905947700467348,0.48980782312716287
2022,6,June,143.50348396673346,4.896941737394756,12.262560477491768,8.579751107443263,1.287666571408159,0.741549817663314,0.15953610957652004,NA,0.6131495024236314
2022,7,July,208.142169288679,4.737433753631505,11.430506388913042,8.083970071272274,1.2545540141342535,1.5818982076887764,NA,1.2600845751778817,NA
2022,8,August,125.96012170665432,4.7368338942819825,12.820662062225924,8.778747978253955,0.9159705725207963,0.5104540370961098,1.3226605562125797,NA,0.9661912225245113
2022,9,September,124.45555933572598,5.3117797395655355,13.869286815491938,9.590533277528735,0.8775866005015982,0.6897455196721954,1.3977784618915936,NA,1.0253817836570858
2022,10,October,98.33768901189326,6.437401995356162,15.686525076489167,11.061963535922661,0.29353002091947283,0.08203064528521603,0.729472827409174,NA,1.108099811293327
2022,11,November,155.65547569607423,9.87221639522629,18.760283758266638,14.316250076746464,1.150727589522597,1.4001254087639454,1.1607674662172962,1.534681045532638,NA
2022,12,December,102.63355152717004,11.302822237661587,20.3880360856923,15.845429161676948,1.9700878535391355,0.0956884446946197,0.7821379340884356,1.4843712992042077,NA
2023,1,January,161.27338446329597,12.669283216738084,21.905590124226485,17.287436670482286,0.8179183631512474,0.9355530715316474,NA,NA,NA
2023,2,February,152.274350546543,12.433601027876001,21.958664904212174,17.196132966044093,1.5620469461605764,1.086545997210468,1.0604527606043255,1.2107503994654358,NA
2023,3,March,102.04334097655462,9.595602067584887,19.737627322298042,14.666614694941465,2.1361597488558903,0.440215244483537,1.2690913979871692,1.4327896029579001,NA
2023,4,April,93.68065974713866,8.967007273028297,17.679587570088067,13.323297421558184,2.4515572763845945,0.10365696386695461,0.9059543588675469,NA,NA
2023,5,May,188.91661353155064,7.717616903884382,15.232886271869274,11.475251587876828,2.6039782515820526,1.3581770722455455,0.9430701518893362,NA,NA
2023,6,June,112.26599224233088,4.68220698219493,12.256418142362259,8.469312562278594,1.0376143037508014,0.05099997084206114,NA,NA,NA
2023,7,July,104.05816807669957,3.9808771385873016,11.60489212999264,7.792884634289971,0.8727798546864443,-0.04293284617469029,0.8165615370582959,1.1032604554490675,NA
2023,8,August,75.26033025068527,2.218182222160912,11.382364318727506,6.800273270444207,0.4954828045881241,-0.40842641399963686,-0.1869475233855618,0.49922545753504066,NA
2023,9,September,142.04856933556235,6.000800585025055,14.717268749529765,10.359034667277411,0.15328962896541198,1.0887177522455687,0.2998555918442019,0.7202404498268382,NA
2023,10,October,80.34462956188428,6.562486873651142,16.102209157836366,11.332348015743754,0.7004434193863218,-0.4376460395315601,0.12658538271973163,0.5818480464734439,NA
2023,11,November,91.58748619905627,8.242757189414874,17.590437240414055,12.916597214914464,1.1977428639129255,0.19331037821946098,0.44527460488043735,0.1529058700843469,NA
2023,12,December,113.53831985299017,11.448266348595832,20.60538840218713,16.026827375391484,0.827494825564897,0.16408034754419143,-0.09170637748839627,0.1614311106028285,NA
2024,1,January,95.05991261810605,12.27647146697984,22.65345685944167,17.46496416321075,0.5246582658177025,-0.06319503970235238,0.11069914025871798,0.12363905443925215,0.8213456648426075
2024,2,February,62.73675514688611,10.945868366363511,21.911933626080458,16.42890099622198,0.6595244156651886,-0.5027548175727794,-0.22183029747846034,0.10338017043587867,0.3673878105191669
2024,3,March,70.57834547309676,8.601022642300057,18.801883859097472,13.701453250698764,-0.03687883895887333,-0.1891042508117291,-0.45605629252149993,-0.37181220389206304,0.2722087365000885
2024,4,April,92.87115091845341,7.816004279182019,17.205487605077437,12.51074594212973,-0.20761234141723178,-0.005012881160273175,-0.4524505435733526,-0.2753640674149423,0.24845515751229835
2024,5,May,81.91633804726786,3.997589887292895,13.000472538511838,8.499031212902366,-0.15751398747037212,-0.3800036952526318,-0.3470478437816421,-0.4035620801994388,-0.13757613945758246
2024,6,June,112.56730094256898,4.6494944122304895,12.20043218030402,8.424963296267256,0.12459485711485777,0.11932166099223458,-0.14197455550451776,-0.3795545115222903,-0.14537177780607294
2024,7,July,103.80842353291582,3.121700935838631,11.238946463650263,7.180323699744448,0.1624306004766634,-0.006105225413000633,NA,-0.3471219716122653,-0.1395069509879847
2024,8,August,119.44475552732146,3.7326206443386045,12.430792872219001,8.081706758278804,0.5761371390505321,0.4809917297045731,0.26746735032616975,-0.02106456828675447,0.03138998199502929
2024,9,September,99.23864752791064,5.1855705898920315,14.2340557493214,9.709813169606713,1.4700443429105168,-0.024641914500226656,0.2271153366350298,0.08112629733898499,-0.18814925074484362
2024,10,October,134.7969327241688,6.972802476007391,16.136998203221843,11.554900339614614,0.7727230770338928,0.7506204291002472,0.5586946518392214,0.306592152503232,0.027814332044269217
2024,11,November,74.13104078638075,8.73571274421295,18.095946300988235,13.415829522600594,0.7342801160955278,-0.46333807566884366,0.15362862286350262,0.3040327613343399,-0.09116461302871112
2024,12,December,100.46663524063845,11.509956396724684,21.26929138892301,16.389623892823845,-0.24199044544413878,-0.2137526795264196,0.10822193831232617,0.17267166463045044,-0.14191565253306263
